fecha,marca,local,canal,id_orden,estado_orden,subtotal,impuesto,descuento
2023-11-03 15:55:55,Umbrella SH,EMEA - SP - MAD - Tetuan,justeat,138656463,Nuevo,10,0,0
2023-11-03 15:49:40,Umbrella SH,EMEA - SP - MAD - Tetuan,justeat,138656912,Nuevo,"22,4",0,0
2023-11-03 15:49:02,Umbrella SH,EMEA - SP - MAD - Tetuan,glovo,MSDGW9UM,Entregado,"10,4",0,0
2023-11-03 15:48:41,Umbrella SH,Umbrella SH - Calle Linares,ubereats,8D40B,Nuevo,"36,6",0,"-13,9"
2023-11-03 15:44:25,Umbrella SH,Goleta,ubereats,DF131,Entregado,"31,8",0,"-13,9"
2023-11-03 15:43:45,Umbrella SH,Umbrella SH - Calle Linares,ubereats,976D9,Nuevo,"12,5",0,0
2023-11-03 15:43:11,Umbrella SH,Umbrella SH - Calle Linares,ubereats,C25C1,Nuevo,"25,8",0,"-11,9"
2023-11-03 15:42:43,Umbrella SH,EMEA - SP - MAD - Tetuan,ubereats,C3C47,Nuevo,"31,8",0,"-13,9"
2023-11-03 15:27:38,Umbrella SH,Umbrella SH - San Vicent del Raspeig,ubereats,F2A00,Entregado,"34,4",0,"-13,9"
2023-11-03 15:10:11,Umbrella SH,EMEA - SP - MAD - Tetuan,ubereats,EDD59,Entregado,"39,8",0,"-13,9"
2023-11-03 15:05:53,Umbrella SH,Umbrella SH - San Vicent del Raspeig,ubereats,3F9C7,Entregado,"25,5",0,0
2023-11-03 15:05:52,Umbrella SH,EMEA - SP - MAD - Tetuan,glovo,MXYWABLN,Entregado,"46,8",0,0
2023-11-03 15:03:35,Umbrella SH,EMEA - SP - MAD - Salamanca,glovo,MHLBMX4X,Entregado,"9,7",0,0
2023-11-03 15:01:13,Umbrella SH,EMEA - SP - MAD - Tetuan,ubereats,3AFCF,Entregado,"15,3",0,0
2023-11-03 14:52:46,Umbrella SH,Goleta,ubereats,7899A,Nuevo,"45,8",0,"-13,9"
2023-11-03 14:47:12,Umbrella SH,Tepuy Burger - Benidorm,glovo,BUTBTZLY,Entregado,"21,2",0,0
2023-11-03 14:46:46,Tepuy Burger,Tepuy Burger - Rodolfo Salazar,glovo,AULRBGNM,Entregado,"26,9",0,0
2023-11-03 14:41:39,Umbrella SH,EMEA - SP - MAD - Tetuan,ubereats,87C09,Entregado,"31,8",0,"-13,9"
2023-11-03 14:40:15,Tepuy Burger,Tepuy Burger - Benidorm,glovo,B1YBHZJW,Entregado,"51,5",0,0
2023-11-03 14:36:51,Umbrella SH,Goleta,ubereats,9A236,Nuevo,"39,8",0,"-13,9"
2023-11-03 14:27:51,Umbrella SH,EMEA - SP - MAD - Tetuan,ubereats,C6AE1,Entregado,"41,7",0,0
2023-11-03 14:26:38,Umbrella SH,EMEA - SP - MAD - Tetuan,glovo,MNMETAP1,Entregado,"16,9",0,0
2023-11-03 14:23:06,Tepuy Burger,Tepuy Burger - Rodolfo Salazar,glovo,ALMVLKTB,Entregado,"26,9",0,0
2023-11-03 14:20:15,Umbrella SH,Umbrella SH - San Vicent del Raspeig,ubereats,BC629,Entregado,39,0,"-13,9"
2023-11-03 14:09:18,Umbrella SH,Umbrella SH - Calle Linares,ubereats,B7363,Nuevo,"45,8",0,"-13,9"
2023-11-03 14:05:45,Umbrella SH,Goleta,gloria-foods,778028099,Entregado,"37,7",0,0
2023-11-03 14:05:03,Umbrella SH,EMEA - SP - MAD - Tetuan,glovo,MNCUXJGD,Entregado,"32,9",0,0
2023-11-03 13:59:16,Umbrella SH,EMEA - SP - MAD - Salamanca,ubereats,B46AA,Entregado,"42,8",0,"-13,9"
2023-11-03 13:51:16,Umbrella SH,EMEA - SP - MAD - Tetuan,ubereats,ACAF6,Entregado,"37,8",0,"-13,9"
2023-11-03 13:51:00,Umbrella SH,EMEA - SP - MAD - Tetuan,ubereats,AC330,Entregado,"23,7",0,0
2023-11-03 13:48:47,Umbrella SH,Tepuy Burger - Benidorm,glovo,BNBJMU7A,Entregado,"11,1",0,0
2023-11-03 13:47:11,Umbrella SH,Umbrella SH - Calle Linares,ubereats,5580C,Nuevo,"38,2",0,"-13,9"
2023-11-03 13:46:42,Umbrella SH,EMEA - SP - MAD - Tetuan,ubereats,0C2C6,Entregado,"37,4",0,"-13,9"
2023-11-03 13:38:08,Umbrella SH,Goleta,ubereats,5CD4C,Entregado,37,0,"-13,9"
2023-11-03 13:23:51,Umbrella SH,EMEA - SP - MAD - Tetuan,ubereats,FCC2A,Entregado,"31,8",0,"-13,9"
2023-11-03 13:19:06,Umbrella SH,Umbrella SH - Calle Linares,ubereats,4420D,Nuevo,"37,8",0,"-13,9"
2023-11-03 13:15:23,Umbrella SH,EMEA - SP - MAD - Tetuan,ubereats,256D6,Entregado,"31,4",0,"-13,9"
2023-11-03 13:13:23,Umbrella SH,Umbrella SH - San Vicent del Raspeig,ubereats,64F58,Entregado,"16,9",0,0
2023-11-03 13:11:35,Umbrella SH,EMEA - SP - MAD - Salamanca,glovo,M6DN4BZL,Entregado,"14,9",0,0
2023-11-03 13:07:28,Umbrella SH,EMEA - SP - MAD - Tetuan,glovo,MD1LBXVV,Entregado,"23,8",0,0
2023-11-03 13:01:20,Umbrella SH,Goleta,ubereats,133D4,Entregado,"26,6",0,-5
2023-11-02 23:26:01,Umbrella SH,EMEA - SP - MAD - Tetuan,justeat,138641914,Entregado,"31,6",0,0
2023-11-02 23:06:37,Umbrella SH,Goleta,ubereats,BAE82,Nuevo,"31,4",0,"-13,9"
2023-11-02 22:58:02,Umbrella SH,EMEA - SP - MAD - Tetuan,ubereats,9B4F5,Entregado,"31,4",0,"-13,9"
2023-11-02 22:56:21,Umbrella SH,Umbrella SH - Calle Linares,gloria-foods,777801751,Nuevo,"13,3","1,21",0
2023-11-02 22:50:41,Umbrella SH,Umbrella SH - Calle Linares,ubereats,8625E,Nuevo,"31,4",0,"-13,9"
2023-11-02 22:49:12,Umbrella SH,EMEA - SP - MAD - Tetuan,ubereats,E84B8,Entregado,"16,9",0,0
2023-11-02 22:43:23,Umbrella SH,Umbrella SH - San Vicent del Raspeig,ubereats,7470B,Entregado,"43,7",0,"-13,9"
2023-11-02 22:40:32,Umbrella SH,Tepuy Burger - Benidorm,glovo,BPTYETSD,Entregado,"35,5",0,0
2023-11-02 22:34:25,Umbrella SH,EMEA - SP - MAD - Tetuan,glovo,M56J1RG1,Entregado,"16,9",0,0
2023-11-02 22:32:27,Tepuy Burger,Tepuy Burger - Benidorm,glovo,BXVJAQHE,Entregado,"40,9",0,0
2023-11-02 22:29:01,Umbrella SH,EMEA - SP - MAD - Tetuan,ubereats,80AB4,Entregado,"31,4",0,"-13,9"
2023-11-02 22:28:56,Umbrella SH,Goleta,gloria-foods,777776357,Nuevo,"22,5",0,0
2023-11-02 22:28:20,Tepuy Burger,Tepuy Burger - Calle Bazan,glovo,ABUGGFKZ,Cancelado,"20,4",0,0
2023-11-02 22:24:03,Umbrella SH,Umbrella SH - Calle Linares,ubereats,AF5D3,Nuevo,"40,1",0,"-13,9"
2023-11-02 22:20:54,Umbrella SH,Umbrella SH - San Vicent del Raspeig,ubereats,EED9E,Entregado,"13,8",0,0
2023-11-02 22:17:40,Tepuy Basics,Umbrella SH - San Vicent del Raspeig,ubereats,D40F2,Entregado,"26,7",0,0
2023-11-02 22:14:13,Umbrella SH,EMEA - SP - MAD - Tetuan,ubereats,1B03F,Entregado,"31,4",0,"-13,9"
2023-11-02 22:04:56,Umbrella SH,Umbrella SH - Calle Linares,ubereats,DBFC9,Nuevo,"28,7",0,0
2023-11-02 22:04:55,Umbrella SH,EMEA - SP - MAD - Tetuan,ubereats,17439,Entregado,"59,7",0,"-13,9"
2023-11-02 22:04:30,Tepuy Burger,Tepuy Burger - Rodolfo Salazar,glovo,AMJA5BSJ,Entregado,"11,2",0,0
2023-11-02 22:01:58,Umbrella SH,Umbrella SH - Calle Linares,ubereats,1120D,Nuevo,"48,5",0,"-13,9"
2023-11-02 21:59:42,Tepuy Burger,Tepuy Burger - Rodolfo Salazar,glovo,ASV9UL3S,Entregado,27,0,0
2023-11-02 21:59:25,Umbrella SH,Umbrella SH - Calle Linares,ubereats,1BDC0,Nuevo,"31,4",0,"-13,9"
2023-11-02 21:58:44,Umbrella SH,EMEA - SP - MAD - Tetuan,ubereats,52695,Entregado,"16,2",0,0
2023-11-02 21:56:55,Umbrella SH,Umbrella SH - San Vicent del Raspeig,gloria-foods,777771074,Entregado,"42,5",0,0
2023-11-02 21:56:12,Tepuy Basics,Umbrella SH - Calle Linares,glovo,AB81UL22,Entregado,"15,3",0,-2
2023-11-02 21:56:08,Umbrella SH,Umbrella SH - San Vicent del Raspeig,ubereats,1861D,Entregado,15,0,0
2023-11-02 21:55:05,Umbrella SH,Umbrella SH - San Vicent del Raspeig,ubereats,121AF,Entregado,"39,8",0,"-13,9"
2023-11-02 21:54:07,Tepuy Burger,Tepuy Burger - Rodolfo Salazar,glovo,AJ3BTUAP,Entregado,"14,9",0,0
2023-11-02 21:53:28,Umbrella SH,Goleta,ubereats,BEF6A,Nuevo,"34,4",0,"-13,9"
2023-11-02 21:53:02,Umbrella SH,Umbrella SH - Calle Linares,ubereats,93726,Nuevo,37,0,"-13,9"
2023-11-02 21:53:01,Umbrella SH,Umbrella SH - Calle Linares,ubereats,93FDF,Nuevo,20,0,0
2023-11-02 21:51:02,Umbrella SH,EMEA - SP - MAD - Tetuan,ubereats,7B08E,Entregado,"37,8",0,"-13,9"
2023-11-02 21:50:24,Umbrella SH,Umbrella SH - Calle Linares,ubereats,25491,Nuevo,"31,4",0,"-13,9"
2023-11-02 21:49:47,Tepuy Burger,Tepuy Burger - Rodolfo Salazar,ubereats,F0936,Nuevo,"34,5",0,0
2023-11-02 21:49:30,Umbrella SH,Umbrella SH - San Vicent del Raspeig,ubereats,D749A,Entregado,"33,3",0,0
2023-11-02 21:45:09,Umbrella SH,Tepuy Burger - Benidorm,ubereats,5E20A,Entregado,"27,2",0,0
2023-11-02 21:44:51,Umbrella SH,EMEA - SP - MAD - Tetuan,ubereats,F2AC0,Entregado,"31,8",0,"-13,9"
2023-11-02 21:44:44,Umbrella SH,Umbrella SH - San Vicent del Raspeig,ubereats,32A13,Entregado,"25,8",0,0
2023-11-02 21:41:44,Umbrella SH,EMEA - SP - MAD - Salamanca,glovo,MPKPM1QF,Entregado,"15,4",0,0
2023-11-02 21:36:32,Umbrella SH,Tepuy Burger - Benidorm,glovo,B8LBWNVL,Entregado,"21,1",0,0
2023-11-02 21:31:48,Umbrella SH,EMEA - SP - MAD - Salamanca,ubereats,BDBE1,Entregado,"39,8",0,"-13,9"
2023-11-02 21:31:21,Umbrella SH,Umbrella SH - Calle Linares,ubereats,423A1,Nuevo,"11,8",0,0
2023-11-02 21:29:52,Umbrella SH,EMEA - SP - MAD - Tetuan,ubereats,95B69,Entregado,"39,8",0,"-13,9"
2023-11-02 21:26:58,Umbrella SH,Umbrella SH - San Vicent del Raspeig,ubereats,E21C5,Entregado,12,0,0
2023-11-02 21:26:05,Tepuy Basics,EMEA - SP - MAD - Salamanca,ubereats,A8A99,Entregado,"17,9",0,0
2023-11-02 21:24:37,Umbrella SH,Goleta,ubereats,73D19,Nuevo,29,0,0
2023-11-02 21:24:00,Umbrella SH,EMEA - SP - MAD - Salamanca,ubereats,EB311,Entregado,37,0,"-13,9"
2023-11-02 21:20:49,Umbrella SH,EMEA - SP - MAD - Salamanca,ubereats,194BE,Entregado,"39,8",0,"-13,9"
2023-11-02 21:20:09,Umbrella SH,Umbrella SH - San Vicent del Raspeig,ubereats,530FA,Entregado,"31,8",0,"-13,9"
2023-11-02 21:19:21,Umbrella SH,Umbrella SH - San Vicent del Raspeig,ubereats,17F47,Entregado,"15,9",0,0
2023-11-02 21:19:18,Umbrella SH,Umbrella SH - San Vicent del Raspeig,ubereats,1B696,Entregado,"39,8",0,"-13,9"
2023-11-02 21:18:13,Umbrella SH,EMEA - SP - MAD - Tetuan,ubereats,40EA2,Entregado,"16,7",0,0
2023-11-02 21:17:30,Umbrella SH,Umbrella SH - Calle Linares,ubereats,5DA1C,Nuevo,"79,5",0,"-27,8"
2023-11-02 21:14:05,Tepuy Burger,Tepuy Burger - Benidorm,glovo,BP1PJXPT,Entregado,"30,7",0,0
2023-11-02 21:13:14,Umbrella SH,Umbrella SH - Calle Linares,ubereats,EB2AA,Nuevo,"46,2",0,"-13,9"
2023-11-02 21:10:32,Umbrella SH,EMEA - SP - MAD - Tetuan,glovo,MDLZBYTW,Entregado,"18,8",0,0
2023-11-02 21:07:03,Tepuy Basics,Goleta,glovo,AT5SXWYR,Entregado,"33,6",0,0
2023-11-02 20:53:38,Tepuy Burger,Tepuy Burger - Benidorm,gloria-foods,777744476,Entregado,"16,4","1,49",0
2023-11-02 20:52:42,Umbrella SH,Umbrella SH - San Vicent del Raspeig,ubereats,C8A1B,Entregado,"38,2",0,"-13,9"
2023-11-02 20:51:06,Umbrella SH,EMEA - SP - MAD - Tetuan,ubereats,6BDBC,Entregado,"34,8",0,"-13,9"
2023-11-02 20:47:57,Umbrella SH,Umbrella SH - San Vicent del Raspeig,ubereats,7FB3C,Entregado,"21,4",0,0
2023-11-02 20:46:55,Umbrella SH,EMEA - SP - MAD - Tetuan,glovo,MYQMNNM1,Entregado,"23,4",0,0
2023-11-02 20:41:49,Tepuy Basics,Umbrella SH - Calle Linares,glovo,AFHUUSYT,Entregado,"15,3",0,0
2023-11-02 20:41:12,Umbrella SH,Umbrella SH - Calle Linares,gloria-foods,777736067,Nuevo,"23,8","2,51",0
2023-11-02 20:40:56,Umbrella SH,Umbrella SH - San Vicent del Raspeig,ubereats,5DD97,Entregado,"53,3",0,"-13,9"
2023-11-02 20:40:42,Tepuy Burger,Tepuy Burger - Rodolfo Salazar,ubereats,80EB3,Nuevo,"12,2",0,0
2023-11-02 20:40:29,Umbrella SH,Umbrella SH - San Vicent del Raspeig,ubereats,13A20,Entregado,"35,5",0,0
2023-11-02 20:39:29,Umbrella SH,Umbrella SH - Calle Linares,ubereats,B263C,Nuevo,"39,8",0,"-13,9"
2023-11-02 20:38:51,Umbrella SH,Umbrella SH - San Vicent del Raspeig,ubereats,C4B47,Entregado,"21,3",0,0
2023-11-02 20:38:15,Umbrella SH,Umbrella SH - San Vicent del Raspeig,ubereats,68976,Entregado,"21,2",0,0
2023-11-02 20:37:57,Umbrella SH,EMEA - SP - MAD - Tetuan,glovo,MJB4BA9M,Entregado,"15,4",0,0
2023-11-02 20:34:06,Umbrella SH,Umbrella SH - Calle Linares,gloria-foods,777729045,Nuevo,"63,7","6,14",0
2023-11-02 20:33:33,Umbrella SH,Umbrella SH - San Vicent del Raspeig,ubereats,DBD3E,Entregado,"28,3",0,0
2023-11-02 20:32:13,Umbrella SH,Umbrella SH - Calle Linares,ubereats,7DD3E,Nuevo,43,0,"-13,9"
2023-11-02 20:31:44,Umbrella SH,Tepuy Burger - Benidorm,glovo,BRDA9S4M,Entregado,"27,9",0,0
2023-11-02 20:30:52,Umbrella SH,Umbrella SH - Calle Linares,gloria-foods,777734407,Nuevo,"21,3","1,94",0
2023-11-02 20:30:43,Tepuy Burger,Tepuy Burger - Calle Bazan,glovo,ANNR4QHL,Entregado,16,0,0
2023-11-02 20:27:39,Tepuy Burger,Tepuy Burger - Benidorm,glovo,B91ZG23U,Entregado,39,0,0
2023-11-02 20:26:05,Tepuy Burger,Tepuy Burger - Benidorm,glovo,BNLLAXZ4,Entregado,"25,2",0,0
2023-11-02 20:24:10,Umbrella SH,Umbrella SH - San Vicent del Raspeig,ubereats,A4E8C,Entregado,"34,4",0,"-13,9"
2023-11-02 20:22:53,Tepuy Burger,Tepuy Burger - Rodolfo Salazar,glovo,AY29R9UE,Entregado,"30,2",0,0
2023-11-02 20:21:58,Tepuy Burger,Tepuy Burger - Benidorm,ubereats,A3FE7,Entregado,"28,8",0,0
2023-11-02 20:20:59,Umbrella SH,Goleta,ubereats,45E7B,Nuevo,"32,9",0,"-13,9"
2023-11-02 20:19:21,Umbrella SH,Goleta,ubereats,68C79,Entregado,37,0,"-13,9"
2023-11-02 20:19:13,Umbrella SH,Goleta,ubereats,C6B65,Nuevo,"48,9",0,"-13,9"
2023-11-02 20:15:55,Umbrella SH,Goleta,ubereats,58E56,Nuevo,"31,4",0,"-13,9"
2023-11-02 20:14:08,Umbrella SH,Tepuy Burger - Benidorm,glovo,BXTUN9Z4,Entregado,"44,1",0,0
2023-11-02 20:13:37,Tepuy Basics,Goleta,glovo,A3SLGLZX,Entregado,"23,8",0,0
2023-11-02 20:13:10,Umbrella SH,EMEA - SP - MAD - Salamanca,ubereats,3D1B2,Entregado,"13,6",0,0
2023-11-02 20:12:23,Umbrella SH,Umbrella SH - Calle Linares,ubereats,E6F2A,Nuevo,15,0,0
2023-11-02 20:11:40,Tepuy Burger,Tepuy Burger - Benidorm,glovo,BVQVYDKN,Entregado,"14,9",0,0
2023-11-02 20:08:27,Umbrella SH,Goleta,gloria-foods,777722724,Nuevo,"27,8",0,0
2023-11-02 20:00:51,Umbrella SH,Umbrella SH - San Vicent del Raspeig,gloria-foods,777282840,Entregado,"40,1",0,0
2023-11-02 19:58:26,Umbrella SH,EMEA - SP - MAD - Salamanca,ubereats,D7425,Entregado,37,0,"-13,9"
2023-11-02 19:57:49,Umbrella SH,EMEA - SP - MAD - Tetuan,ubereats,A9B93,Entregado,"31,4",0,"-13,9"
2023-11-02 19:57:14,Tepuy Burger,Tepuy Burger - Calle Bazan,gloria-foods,777709666,Nuevo,"34,3",0,0
2023-11-02 19:37:11,Umbrella SH,EMEA - SP - MAD - Tetuan,ubereats,DD7D6,Entregado,"31,8",0,"-13,9"
2023-11-02 19:29:32,Umbrella SH,EMEA - SP - MAD - Tetuan,glovo,MKQZZXAL,Entregado,11,0,0
2023-11-02 19:14:49,Umbrella SH,EMEA - SP - MAD - Salamanca,ubereats,9845F,Entregado,"18,9",0,0
2023-11-02 18:39:38,Umbrella SH,EMEA - SP - MAD - Salamanca,justeat,138615906,Entregado,"25,2",0,0
2023-11-02 18:10:57,Umbrella SH,EMEA - SP - MAD - Tetuan,ubereats,60DA5,Entregado,"25,4",0,0
2023-11-02 17:38:14,Umbrella SH,EMEA - SP - MAD - Tetuan,ubereats,91B20,Entregado,"38,4",0,"-13,9"
2023-11-02 16:37:12,Umbrella SH,EMEA - SP - MAD - Tetuan,ubereats,22602,Entregado,"31,4",0,"-13,9"
2023-11-02 16:03:38,Umbrella SH,EMEA - SP - MAD - Tetuan,glovo,MGVRQEVG,Entregado,"12,7",0,0
2023-11-02 15:58:11,Umbrella SH,EMEA - SP - MAD - Salamanca,ubereats,2AF0E,Entregado,"31,4",0,"-18,9"
2023-11-02 15:56:18,Umbrella SH,EMEA - SP - MAD - Tetuan,glovo,MAHU38EN,Entregado,"37,8",0,0
2023-11-02 15:49:23,Umbrella SH,EMEA - SP - MAD - Tetuan,ubereats,D4EA0,Entregado,"43,4",0,"-13,9"
2023-11-02 15:44:04,Umbrella SH,Umbrella SH - San Vicent del Raspeig,ubereats,C2788,Entregado,18,0,0
2023-11-02 15:42:51,Tepuy Burger,Tepuy Burger - Benidorm,glovo,BLPAZXJQ,Entregado,"44,8",0,0
2023-11-02 15:39:35,Umbrella SH,Umbrella SH - Calle Linares,ubereats,B9F7A,Nuevo,"36,3",0,"-11,9"
2023-11-02 15:35:44,Umbrella SH,Tepuy Burger - Benidorm,glovo,BAYXR48M,Entregado,"22,1",0,0
2023-11-02 15:26:59,Umbrella SH,EMEA - SP - MAD - Salamanca,glovo,MY7YF3PD,Entregado,"21,4",0,0
2023-11-02 15:21:19,Umbrella SH,EMEA - SP - MAD - Tetuan,glovo,M5G1CWWS,Entregado,"12,7",0,0
2023-11-02 15:16:34,Umbrella SH,EMEA - SP - MAD - Salamanca,glovo,MDS18NPM,Entregado,"14,3",0,0
2023-11-02 15:15:52,Umbrella SH,EMEA - SP - MAD - Salamanca,ubereats,50289,Entregado,"31,8",0,"-13,9"
2023-11-02 15:15:41,Tepuy Burger,Tepuy Burger - Rodolfo Salazar,ubereats,95819,Nuevo,"51,4",0,0
2023-11-02 15:13:13,Umbrella SH,Umbrella SH - San Vicent del Raspeig,gloria-foods,777340110,Entregado,"15,7",0,0
2023-11-02 15:12:30,Tepuy Burger,Tepuy Burger - Rodolfo Salazar,glovo,AXNXVXSK,Entregado,"14,6",0,0
2023-11-02 15:10:56,Umbrella SH,Umbrella SH - San Vicent del Raspeig,ubereats,79BBE,Entregado,"13,5",0,0
2023-11-02 15:09:09,Tepuy Burger,Tepuy Burger - Calle Bazan,glovo,AZZPA81A,Entregado,"25,4",0,0
2023-11-02 15:09:01,Umbrella SH,Umbrella SH - San Vicent del Raspeig,ubereats,E6BAF,Entregado,"34,4",0,"-13,9"
2023-11-02 14:54:19,Umbrella SH,Tepuy Burger - Benidorm,ubereats,95DE5,Entregado,"15,5",0,0
2023-11-02 14:54:00,Tepuy Basics,EMEA - SP - MAD - Salamanca,glovo,MZJWZHT1,Entregado,"11,9",0,0
2023-11-02 14:49:07,Umbrella SH,EMEA - SP - MAD - Tetuan,ubereats,4FD29,Entregado,"14,1",0,0
2023-11-02 14:47:55,Umbrella SH,Umbrella SH - Calle Linares,ubereats,BCF89,Nuevo,"28,3",0,0
2023-11-02 14:47:40,Umbrella SH,Goleta,ubereats,49FA8,Nuevo,"12,3",0,0
2023-11-02 14:44:34,Umbrella SH,Umbrella SH - Calle Linares,ubereats,79481,Nuevo,"24,2",0,0
2023-11-02 14:39:25,Umbrella SH,Goleta,ubereats,1FB6E,Nuevo,"17,2",0,0
2023-11-02 14:39:04,Umbrella SH,Umbrella SH - Calle Linares,ubereats,B2754,Nuevo,"28,8",0,0
2023-11-02 14:35:43,Tepuy Burger,Tepuy Burger - Rodolfo Salazar,glovo,A1GDRSM8,Entregado,"41,5",0,0
2023-11-02 14:33:19,Umbrella SH,EMEA - SP - MAD - Tetuan,ubereats,05FA2,Entregado,43,0,"-13,9"
2023-11-02 14:27:28,Umbrella SH,Umbrella SH - Calle Linares,ubereats,71C87,Nuevo,"39,8",0,"-13,9"
2023-11-02 14:26:52,Tepuy Burger,Tepuy Burger - Benidorm,glovo,BT4L98U1,Entregado,"16,4",0,0
2023-11-02 14:18:25,Tepuy Basics,Umbrella SH - San Vicent del Raspeig,ubereats,55DA6,Entregado,"15,1",0,0
2023-11-02 14:12:06,Umbrella SH,Umbrella SH - San Vicent del Raspeig,gloria-foods,777572480,Entregado,"18,3",0,0
2023-11-02 14:06:20,Tepuy Basics,Umbrella SH - San Vicent del Raspeig,glovo,AMMM5G3N,Entregado,"13,4",0,0
2023-11-02 14:06:03,Umbrella SH,Umbrella SH - San Vicent del Raspeig,ubereats,8F066,Entregado,"39,8",0,"-13,9"
2023-11-02 14:05:12,Umbrella SH,Umbrella SH - San Vicent del Raspeig,ubereats,59546,Entregado,"44,2",0,"-13,9"
2023-11-02 13:58:13,Umbrella SH,Umbrella SH - Calle Linares,ubereats,39605,Entregado,"25,4",0,"-11,9"
2023-11-02 13:50:55,Tepuy Burger,Tepuy Burger - Rodolfo Salazar,glovo,AYW2RC2L,Entregado,"17,6",0,0
2023-11-02 13:48:28,Tepuy Burger,Tepuy Burger - Benidorm,glovo,B2LFGJZY,Entregado,"12,4",0,0
2023-11-02 13:46:55,Umbrella SH,Umbrella SH - San Vicent del Raspeig,gloria-foods,777566950,Entregado,31,0,0
2023-11-02 13:42:04,Umbrella SH,EMEA - SP - MAD - Tetuan,glovo,MCTLEY1J,Entregado,23,0,0
2023-11-02 13:39:49,Umbrella SH,EMEA - SP - MAD - Tetuan,ubereats,4B0A6,Entregado,"38,6",0,"-13,9"
2023-11-02 13:17:23,Umbrella SH,EMEA - SP - MAD - Salamanca,glovo,MPHJ9STU,Entregado,"12,7",0,0
2023-11-02 13:13:12,Umbrella SH,Umbrella SH - San Vicent del Raspeig,ubereats,30DCF,Entregado,"17,4",0,0
2023-11-02 13:11:37,Umbrella SH,Umbrella SH - San Vicent del Raspeig,ubereats,D5152,Entregado,"34,8",0,"-13,9"
2023-11-02 13:04:37,Umbrella SH,EMEA - SP - MAD - Tetuan,glovo,MFRPEYDA,Entregado,"22,2",0,0
2023-11-01 23:23:43,Umbrella SH,Goleta,ubereats,D0D70,Entregado,"39,8",0,"-13,9"
2023-11-01 23:17:51,Umbrella SH,EMEA - SP - MAD - Tetuan,ubereats,02B74,Entregado,"35,6",0,"-13,9"
2023-11-01 23:11:03,Umbrella SH,EMEA - SP - MAD - Tetuan,ubereats,3F965,Entregado,"31,8",0,"-13,9"
2023-11-01 22:59:20,Umbrella SH,EMEA - SP - MAD - Tetuan,ubereats,CC0DE,Entregado,"31,6",0,"-13,9"
2023-11-01 22:52:37,Umbrella SH,EMEA - SP - MAD - Salamanca,ubereats,17B91,Entregado,"27,3",0,0
2023-11-01 22:51:02,Umbrella SH,Umbrella SH - Calle Linares,ubereats,1FFE2,Entregado,"15,5",0,0
2023-11-01 22:46:02,Umbrella SH,EMEA - SP - MAD - Salamanca,glovo,MQJLD8KW,Entregado,"12,2",0,0
2023-11-01 22:45:49,Umbrella SH,Umbrella SH - San Vicent del Raspeig,ubereats,C7815,Entregado,"31,8",0,"-13,9"
2023-11-01 22:42:50,Tepuy Burger,Tepuy Burger - Benidorm,ubereats,7EB12,Entregado,"33,6",0,0
2023-11-01 22:42:16,Umbrella SH,Umbrella SH - San Vicent del Raspeig,gloria-foods,777366869,Entregado,"29,4",0,0
2023-11-01 22:41:55,Tepuy Burger,Tepuy Burger - Calle Bazan,glovo,AGRWGP1C,Entregado,"16,7",0,0
2023-11-01 22:35:18,Umbrella SH,Umbrella SH - Calle Linares,ubereats,86A9B,Nuevo,"31,8",0,"-13,9"
2023-11-01 22:34:20,Umbrella SH,Goleta,ubereats,5638C,Entregado,"33,9",0,"-13,9"
2023-11-01 22:32:16,Umbrella SH,EMEA - SP - MAD - Salamanca,ubereats,B0619,Entregado,"31,8",0,"-13,9"
2023-11-01 22:30:18,Umbrella SH,Goleta,ubereats,2F4D5,Nuevo,"31,8",0,"-13,9"
2023-11-01 22:28:18,Umbrella SH,EMEA - SP - MAD - Tetuan,ubereats,1790B,Entregado,"38,6",0,"-13,9"
2023-11-01 22:27:54,Umbrella SH,Goleta,ubereats,1013E,Entregado,"31,8",0,"-13,9"
2023-11-01 22:26:03,Umbrella SH,Umbrella SH - Calle Linares,ubereats,8644A,Nuevo,"31,6",0,"-13,9"
2023-11-01 22:22:18,Umbrella SH,Umbrella SH - San Vicent del Raspeig,ubereats,91CE1,Entregado,"31,4",0,"-18,9"
2023-11-01 22:22:08,Umbrella SH,Tepuy Burger - Benidorm,glovo,BAHLUCTK,Entregado,"22,1",0,0
2023-11-01 22:19:35,Umbrella SH,Umbrella SH - Calle Linares,ubereats,0E840,Entregado,"38,9",0,"-13,9"
2023-11-01 22:19:33,Umbrella SH,Umbrella SH - Calle Linares,ubereats,DCD21,Nuevo,"34,4",0,"-13,9"
2023-11-01 22:18:48,Tepuy Burger,Tepuy Burger - Rodolfo Salazar,ubereats,D3156,Entregado,"24,2",0,0
2023-11-01 22:18:46,Umbrella SH,EMEA - SP - MAD - Tetuan,ubereats,2465F,Entregado,"15,4",0,0
2023-11-01 22:17:04,Umbrella SH,EMEA - SP - MAD - Tetuan,justeat,138597535,Entregado,"30,1",0,"-6,02"
2023-11-01 22:15:36,Umbrella SH,EMEA - SP - MAD - Salamanca,glovo,M9DH3675,Entregado,"28,8",0,0
2023-11-01 22:15:10,Umbrella SH,Umbrella SH - Calle Linares,ubereats,5F811,Entregado,"43,8",0,"-13,9"
2023-11-01 22:15:08,Tepuy Burger,Tepuy Burger - Rodolfo Salazar,ubereats,B415F,Entregado,"14,5",0,0
2023-11-01 22:13:01,Umbrella SH,Umbrella SH - San Vicent del Raspeig,ubereats,F33D7,Entregado,"24,2",0,0
2023-11-01 22:09:33,Umbrella SH,EMEA - SP - MAD - Tetuan,ubereats,0ED75,Entregado,"25,8",0,0
2023-11-01 22:07:54,Umbrella SH,Umbrella SH - Calle Linares,ubereats,C94E6,Nuevo,"31,8",0,"-13,9"
2023-11-01 22:06:28,Umbrella SH,EMEA - SP - MAD - Tetuan,glovo,MBSFLHHR,Entregado,"26,1",0,0
2023-11-01 22:06:25,Umbrella SH,Umbrella SH - Calle Linares,ubereats,32F9A,Entregado,"34,2",0,"-13,9"
2023-11-01 22:05:02,Umbrella SH,Umbrella SH - San Vicent del Raspeig,ubereats,F47AB,Entregado,"38,9",0,"-13,9"
2023-11-01 22:04:56,Umbrella SH,EMEA - SP - MAD - Tetuan,ubereats,4B437,Entregado,"42,8",0,"-13,9"
2023-11-01 22:04:14,Umbrella SH,Umbrella SH - San Vicent del Raspeig,ubereats,96BD4,Entregado,"31,2",0,0
2023-11-01 22:02:52,Umbrella SH,Goleta,ubereats,BFAD9,Entregado,"64,3",0,"-27,8"
2023-11-01 22:02:24,Tepuy Burger,Tepuy Burger - Rodolfo Salazar,ubereats,FBB7D,Entregado,"47,2",0,0
2023-11-01 22:01:39,Umbrella SH,Umbrella SH - San Vicent del Raspeig,ubereats,F6520,Entregado,"31,4",0,"-13,9"
2023-11-01 21:59:40,Tepuy Burger,Tepuy Burger - Benidorm,glovo,B3EJMHCX,Entregado,"30,4",0,0
2023-11-01 21:59:35,Umbrella SH,Umbrella SH - Calle Linares,ubereats,D7B71,Entregado,"39,3",0,"-11,9"
2023-11-01 21:55:02,Umbrella SH,Umbrella SH - Calle Linares,ubereats,EF6A6,Entregado,31,0,0
2023-11-01 21:52:31,Umbrella SH,Umbrella SH - San Vicent del Raspeig,ubereats,9BEC8,Entregado,"41,3",0,"-13,9"
2023-11-01 21:50:27,Umbrella SH,Goleta,gloria-foods,777347013,Entregado,"30,5",0,0
2023-11-01 21:50:21,Umbrella SH,Umbrella SH - Calle Linares,gloria-foods,777348628,Entregado,"20,1","1,95",0
2023-11-01 21:49:48,Umbrella SH,Goleta,ubereats,E1518,Nuevo,"35,2",0,"-13,9"
2023-11-01 21:49:05,Tepuy Burger,Tepuy Burger - Benidorm,ubereats,32BA7,Entregado,39,0,0
2023-11-01 21:46:57,Umbrella SH,Umbrella SH - San Vicent del Raspeig,ubereats,0E40F,Entregado,"34,4",0,"-13,9"
2023-11-01 21:45:34,Tepuy Basics,Umbrella SH - San Vicent del Raspeig,ubereats,16FBB,Entregado,"30,6",0,0
2023-11-01 21:45:16,Tepuy Burger,Tepuy Burger - Benidorm,glovo,B1U1L6HZ,Entregado,"28,2",0,0
2023-11-01 21:44:47,Umbrella SH,Umbrella SH - San Vicent del Raspeig,ubereats,09B29,Entregado,"38,6",0,"-13,9"
2023-11-01 21:43:59,Umbrella SH,Umbrella SH - Calle Linares,ubereats,6D717,Nuevo,"30,8",0,0
2023-11-01 21:42:15,Umbrella SH,EMEA - SP - MAD - Tetuan,ubereats,B90B9,Entregado,37,0,"-13,9"
2023-11-01 21:42:00,Umbrella SH,EMEA - SP - MAD - Tetuan,ubereats,2DFD0,Entregado,"42,6",0,"-13,9"
2023-11-01 21:41:53,Umbrella SH,EMEA - SP - MAD - Salamanca,ubereats,E6EE2,Entregado,"31,4",0,"-13,9"
2023-11-01 21:41:50,Umbrella SH,Umbrella SH - Calle Linares,gloria-foods,777341632,Entregado,26,"2,36",0
2023-11-01 21:40:24,Umbrella SH,EMEA - SP - MAD - Salamanca,glovo,MJXNAJBD,Entregado,"17,3",0,0
2023-11-01 21:39:44,Umbrella SH,Tepuy Burger - Benidorm,glovo,BKZBWKX1,Entregado,"34,2",0,0
2023-11-01 21:39:42,Umbrella SH,Goleta,gloria-foods,777342581,Nuevo,15,0,0
2023-11-01 21:39:37,Umbrella SH,EMEA - SP - MAD - Salamanca,glovo,MBVUN16D,Entregado,"8,9",0,0
2023-11-01 21:38:19,Umbrella SH,Goleta,ubereats,05F4A,Entregado,"38,4",0,"-13,9"
2023-11-01 21:38:07,Tepuy Burger,Tepuy Burger - Rodolfo Salazar,glovo,AS5N1TNK,Entregado,"12,5",0,0
2023-11-01 21:36:30,Umbrella SH,EMEA - SP - MAD - Tetuan,ubereats,A8A1A,Entregado,37,0,"-13,9"
2023-11-01 21:36:15,Umbrella SH,Umbrella SH - San Vicent del Raspeig,gloria-foods,777343092,Entregado,"12,3",0,0
2023-11-01 21:35:55,Umbrella SH,Goleta,ubereats,869B3,Nuevo,"18,5",0,0
2023-11-01 21:35:38,Umbrella SH,Umbrella SH - San Vicent del Raspeig,gloria-foods,777341392,Entregado,"74,9",0,0
2023-11-01 21:34:51,Tepuy Burger,Tepuy Burger - Rodolfo Salazar,ubereats,4A2AE,Entregado,"15,1",0,0
2023-11-01 21:33:24,Umbrella SH,Umbrella SH - San Vicent del Raspeig,gloria-foods,777342043,Entregado,29,0,0
2023-11-01 21:32:33,Umbrella SH,Umbrella SH - Calle Linares,ubereats,78457,Entregado,"40,6",0,"-13,9"
2023-11-01 21:31:26,Umbrella SH,Goleta,ubereats,CDD1D,Entregado,"31,8",0,"-13,9"
2023-11-01 21:31:17,Umbrella SH,Goleta,ubereats,379D2,Entregado,"28,8",0,0
2023-11-01 21:30:43,Umbrella SH,Goleta,ubereats,79A40,Entregado,"39,7",0,"-13,9"
2023-11-01 21:29:50,Umbrella SH,EMEA - SP - MAD - Tetuan,glovo,MBT2HHEF,Entregado,"43,7",0,0
2023-11-01 21:29:37,Umbrella SH,EMEA - SP - MAD - Tetuan,ubereats,BE7D7,Entregado,"39,8",0,"-13,9"
2023-11-01 21:29:21,Umbrella SH,EMEA - SP - MAD - Tetuan,ubereats,06AC3,Entregado,37,0,"-13,9"
2023-11-01 21:29:09,Umbrella SH,Umbrella SH - San Vicent del Raspeig,ubereats,7405A,Entregado,"31,4",0,"-13,9"
2023-11-01 21:28:22,Tepuy Basics,EMEA - SP - MAD - Salamanca,ubereats,416D8,Entregado,"17,8",0,0
2023-11-01 21:27:42,Umbrella SH,Umbrella SH - Calle Linares,ubereats,C77BE,Entregado,"41,3",0,"-13,9"
2023-11-01 21:26:36,Umbrella SH,EMEA - SP - MAD - Tetuan,glovo,MD3VWHV8,Entregado,"27,1",0,0
2023-11-01 21:26:32,Umbrella SH,Umbrella SH - San Vicent del Raspeig,gloria-foods,777338959,Entregado,"12,7",0,0
2023-11-01 21:26:23,Umbrella SH,Umbrella SH - San Vicent del Raspeig,gloria-foods,777336156,Entregado,"28,4",0,0
2023-11-01 21:24:21,Umbrella SH,EMEA - SP - MAD - Salamanca,ubereats,2898D,Entregado,"31,4",0,"-13,9"
2023-11-01 21:24:12,Umbrella SH,Umbrella SH - San Vicent del Raspeig,ubereats,D989E,Entregado,"42,8",0,"-13,9"
2023-11-01 21:24:07,Umbrella SH,Goleta,ubereats,142B7,Entregado,"31,8",0,"-13,9"
2023-11-01 21:21:09,Tepuy Burger,Tepuy Burger - Rodolfo Salazar,ubereats,2BC3D,Entregado,"46,6",0,0
2023-11-01 21:19:08,Umbrella SH,Umbrella SH - Calle Linares,ubereats,B9915,Nuevo,"16,5",0,0
2023-11-01 21:19:00,Umbrella SH,Umbrella SH - Calle Linares,ubereats,1E706,Entregado,"72,9",0,"-13,9"
2023-11-01 21:18:58,Umbrella SH,Umbrella SH - Calle Linares,ubereats,AE776,Entregado,"25,5",0,0
2023-11-01 21:18:29,Umbrella SH,Goleta,ubereats,F3993,Entregado,"39,8",0,"-13,9"
2023-11-01 21:17:21,Umbrella SH,EMEA - SP - MAD - Tetuan,ubereats,79081,Entregado,"39,8",0,"-13,9"
2023-11-01 21:16:28,Umbrella SH,Goleta,ubereats,5664A,Entregado,"31,8",0,"-13,9"
2023-11-01 21:16:19,Tepuy Burger,Tepuy Burger - Calle Bazan,glovo,ADCPS7TX,Entregado,"35,5",0,0
2023-11-01 21:16:18,Umbrella SH,Umbrella SH - Calle Linares,ubereats,38EE5,Entregado,"51,8",0,"-13,9"
2023-11-01 21:15:14,Umbrella SH,Goleta,gloria-foods,777314159,Entregado,"18,5",0,0
2023-11-01 21:14:16,Umbrella SH,Umbrella SH - San Vicent del Raspeig,ubereats,B1426,Entregado,"15,9",0,0
2023-11-01 21:14:06,Umbrella SH,Umbrella SH - Calle Linares,ubereats,AF6B3,Entregado,"25,3",0,0
2023-11-01 21:10:48,Tepuy Burger,Tepuy Burger - Benidorm,ubereats,BFC32,Entregado,"18,3",0,0
2023-11-01 21:10:44,Tepuy Burger,Tepuy Burger - Calle Bazan,glovo,A91BRWPP,Entregado,"25,9",0,0
2023-11-01 21:10:36,Umbrella SH,Goleta,gloria-foods,777329776,Entregado,42,0,0
2023-11-01 21:09:42,Umbrella SH,EMEA - SP - MAD - Tetuan,ubereats,39AED,Entregado,37,0,"-13,9"
2023-11-01 21:09:01,Umbrella SH,Umbrella SH - San Vicent del Raspeig,ubereats,E883D,Entregado,"14,4",0,0
2023-11-01 21:08:51,Umbrella SH,Umbrella SH - Calle Linares,ubereats,E5C1E,Nuevo,"17,4",0,0
2023-11-01 21:08:45,Umbrella SH,EMEA - SP - MAD - Tetuan,ubereats,2A98E,Entregado,"18,7",0,0
2023-11-01 21:08:08,Umbrella SH,Umbrella SH - San Vicent del Raspeig,ubereats,069AB,Entregado,"56,9",0,"-13,9"
2023-11-01 21:07:44,Umbrella SH,Tepuy Burger - Benidorm,glovo,BXGHA3XX,Entregado,"27,5",0,0
2023-11-01 21:07:31,Umbrella SH,Umbrella SH - San Vicent del Raspeig,gloria-foods,777328605,Entregado,"24,4",0,0
2023-11-01 21:07:17,Umbrella SH,Umbrella SH - San Vicent del Raspeig,gloria-foods,777329194,Entregado,"51,2",0,0
2023-11-01 21:06:34,Umbrella SH,EMEA - SP - MAD - Salamanca,ubereats,C33CF,Entregado,"63,6",0,"-27,8"
2023-11-01 21:04:49,Tepuy Basics,Goleta,glovo,A169W1E2,Entregado,"17,4",0,0
2023-11-01 21:04:32,Umbrella SH,Umbrella SH - San Vicent del Raspeig,ubereats,E61BB,Entregado,"44,6",0,0
2023-11-01 21:01:15,Umbrella SH,Tepuy Burger - Benidorm,ubereats,F2D77,Entregado,"24,5",0,0
2023-11-01 20:59:25,Umbrella SH,Umbrella SH - San Vicent del Raspeig,ubereats,40136,Entregado,"15,3",0,0
2023-11-01 20:57:34,Umbrella SH,Umbrella SH - San Vicent del Raspeig,ubereats,98B57,Entregado,"31,8",0,"-13,9"
2023-11-01 20:56:52,Umbrella SH,Goleta,ubereats,6A27E,Entregado,"31,4",0,"-13,9"
2023-11-01 20:56:39,Umbrella SH,Umbrella SH - San Vicent del Raspeig,ubereats,A279A,Entregado,"26,7",0,0
2023-11-01 20:56:31,Umbrella SH,EMEA - SP - MAD - Tetuan,glovo,MLLFAAVQ,Entregado,33,0,-4
2023-11-01 20:55:26,Umbrella SH,Goleta,ubereats,D0C38,Nuevo,"28,7",0,0
2023-11-01 20:55:13,Umbrella SH,Umbrella SH - San Vicent del Raspeig,ubereats,05D92,Entregado,"20,9",0,0
2023-11-01 20:52:27,Umbrella SH,Umbrella SH - Calle Linares,ubereats,D2B5C,Entregado,"31,8",0,"-13,9"
2023-11-01 20:51:53,Umbrella SH,EMEA - SP - MAD - Tetuan,ubereats,8131D,Entregado,"37,6",0,"-13,9"
2023-11-01 20:50:54,Tepuy Burger,Tepuy Burger - Rodolfo Salazar,glovo,ALQEL7Q2,Entregado,"28,9",0,0
2023-11-01 20:50:43,Tepuy Burger,Tepuy Burger - Calle Bazan,glovo,ACJ17KTG,Entregado,"26,9",0,0
2023-11-01 20:49:50,Umbrella SH,Umbrella SH - San Vicent del Raspeig,ubereats,03E5C,Entregado,15,0,0
2023-11-01 20:49:38,Umbrella SH,Umbrella SH - San Vicent del Raspeig,ubereats,82D87,Entregado,"31,6",0,"-18,9"
2023-11-01 20:49:11,Umbrella SH,EMEA - SP - MAD - Tetuan,ubereats,0FD6A,Entregado,"33,3",0,"-18,9"
2023-11-01 20:49:10,Umbrella SH,Umbrella SH - San Vicent del Raspeig,gloria-foods,777309919,Entregado,"28,6",0,0
2023-11-01 20:48:32,Umbrella SH,Tepuy Burger - Benidorm,glovo,BKMKKED1,Entregado,"31,5",0,0
2023-11-01 20:46:00,Umbrella SH,Umbrella SH - San Vicent del Raspeig,ubereats,C06BA,Entregado,"34,4",0,"-13,9"
2023-11-01 20:45:19,Umbrella SH,Umbrella SH - San Vicent del Raspeig,ubereats,D4CFC,Entregado,"42,6",0,0
2023-11-01 20:44:56,Umbrella SH,Umbrella SH - Calle Linares,ubereats,F4FB5,Entregado,"31,8",0,"-13,9"
2023-11-01 20:42:50,Umbrella SH,EMEA - SP - MAD - Tetuan,ubereats,A2BB0,Entregado,"22,3",0,0
2023-11-01 20:41:33,Umbrella SH,Goleta,ubereats,E70AF,Entregado,"13,6",0,0
2023-11-01 20:39:23,Umbrella SH,EMEA - SP - MAD - Salamanca,ubereats,84DA8,Nuevo,"36,6",0,"-13,9"
2023-11-01 20:39:21,Tepuy Burger,Tepuy Burger - Benidorm,ubereats,D9F0E,Entregado,"14,5",0,0
2023-11-01 20:38:58,Umbrella SH,Umbrella SH - San Vicent del Raspeig,ubereats,80DF6,Entregado,"31,8",0,"-13,9"
2023-11-01 20:38:15,Umbrella SH,Umbrella SH - San Vicent del Raspeig,ubereats,1F82A,Entregado,"31,4",0,"-13,9"
2023-11-01 20:38:04,,Umbrella SH - Calle Linares,ubereats,56441,Nuevo,"31,6",0,"-13,9"
2023-11-01 20:37:03,Umbrella SH,EMEA - SP - MAD - Tetuan,ubereats,1B072,Nuevo,"12,4",0,0
2023-11-01 20:36:58,Umbrella SH,EMEA - SP - MAD - Tetuan,glovo,MK3HDXPT,Entregado,"18,4",0,0
2023-11-01 20:35:40,Umbrella SH,Tepuy Burger - Benidorm,ubereats,91C11,Entregado,13,0,0
2023-11-01 20:35:04,Umbrella SH,Umbrella SH - Calle Linares,ubereats,9B909,Entregado,"21,2",0,0
2023-11-01 20:34:38,Umbrella SH,Umbrella SH - San Vicent del Raspeig,ubereats,6BD56,Entregado,"20,6",0,0
2023-11-01 20:33:49,Tepuy Basics,Umbrella SH - San Vicent del Raspeig,glovo,A7ZLWMP1,Entregado,"12,9",0,0
2023-11-01 20:33:09,Umbrella SH,EMEA - SP - MAD - Tetuan,ubereats,6E993,Entregado,"31,8",0,"-13,9"
2023-11-01 20:33:03,Tepuy Basics,Umbrella SH - San Vicent del Raspeig,ubereats,F4AF1,Entregado,"30,4",0,0
2023-11-01 20:32:37,Tepuy Basics,Goleta,glovo,ARADFABN,Entregado,"12,5",0,0
2023-11-01 20:32:13,Umbrella SH,Umbrella SH - Calle Linares,ubereats,DBDC8,Entregado,"41,5",0,"-13,9"
2023-11-01 20:30:36,Umbrella SH,EMEA - SP - MAD - Tetuan,ubereats,3C167,Entregado,"40,4",0,"-13,9"
2023-11-01 20:30:21,Umbrella SH,Umbrella SH - Calle Linares,gloria-foods,777310140,Entregado,"36,8","3,7",0
2023-11-01 20:29:46,Umbrella SH,Goleta,ubereats,40436,Entregado,"36,6",0,"-13,9"
2023-11-01 20:29:36,Umbrella SH,Tepuy Burger - Benidorm,ubereats,0EA1C,Entregado,"39,6",0,"-13,9"
2023-11-01 20:29:32,Umbrella SH,Umbrella SH - San Vicent del Raspeig,ubereats,84DA2,Entregado,"34,8",0,"-13,9"
2023-11-01 20:28:43,Umbrella SH,Umbrella SH - Calle Linares,ubereats,E9232,Entregado,"31,4",0,"-13,9"
2023-11-01 20:28:31,Umbrella SH,Goleta,ubereats,DB9CF,Entregado,"39,8",0,"-13,9"
2023-11-01 20:28:24,Umbrella SH,Umbrella SH - Calle Linares,ubereats,413F9,Entregado,"25,1",0,0
2023-11-01 20:28:04,Umbrella SH,Goleta,ubereats,BE56A,Entregado,"18,8",0,0
2023-11-01 20:28:00,Umbrella SH,EMEA - SP - MAD - Salamanca,ubereats,94679,Entregado,"17,7",0,-5
2023-11-01 20:27:08,Umbrella SH,EMEA - SP - MAD - Tetuan,ubereats,1F223,Entregado,"31,4",0,"-13,9"
2023-11-01 20:26:26,Tepuy Basics,Umbrella SH - Calle Linares,ubereats,25005,Nuevo,"33,1",0,0
2023-11-01 20:25:57,Umbrella SH,Umbrella SH - San Vicent del Raspeig,ubereats,040A8,Entregado,"31,8",0,"-13,9"
2023-11-01 20:25:49,,Umbrella SH - San Vicent del Raspeig,ubereats,74838,Entregado,"71,6",0,"-27,8"
2023-11-01 20:25:36,Umbrella SH,Tepuy Burger - Benidorm,ubereats,03864,Entregado,"24,2",0,0
2023-11-01 20:25:29,Umbrella SH,EMEA - SP - MAD - Tetuan,ubereats,86EFB,Entregado,"74,1",0,"-13,9"
2023-11-01 20:24:52,Umbrella SH,Umbrella SH - Calle Linares,gloria-foods,777280616,Entregado,"22,9","2,43",0
2023-11-01 20:24:44,Umbrella SH,Goleta,ubereats,F6C30,Entregado,"31,8",0,"-13,9"
2023-11-01 20:24:40,Umbrella SH,Umbrella SH - Calle Linares,gloria-foods,777311280,Entregado,"26,8","2,44",0
2023-11-01 20:23:57,Umbrella SH,Umbrella SH - San Vicent del Raspeig,gloria-foods,777309745,Entregado,"35,6",0,0
2023-11-01 20:23:57,Umbrella SH,EMEA - SP - MAD - Tetuan,glovo,M41RXWKX,Entregado,25,0,0
2023-11-01 20:23:09,Tepuy Basics,Goleta,glovo,A6XWAST4,Entregado,"13,4",0,0
2023-11-01 20:22:58,Umbrella SH,Tepuy Burger - Benidorm,ubereats,12E8A,Entregado,"31,8",0,"-13,9"
2023-11-01 20:21:12,,EMEA - SP - MAD - Salamanca,ubereats,FE391,Entregado,37,0,"-13,9"
2023-11-01 20:20:02,,Umbrella SH - Calle Linares,ubereats,1EA94,Nuevo,"31,8",0,"-13,9"
2023-11-01 20:18:43,Umbrella SH,Umbrella SH - San Vicent del Raspeig,ubereats,F00BA,Entregado,15,0,0
2023-11-01 20:18:21,Tepuy Burger,Tepuy Burger - Rodolfo Salazar,ubereats,5AE7A,Nuevo,"30,2",0,0
2023-11-01 20:18:20,Umbrella SH,Umbrella SH - Calle Linares,ubereats,36190,Entregado,"21,7",0,0
2023-11-01 20:18:12,Umbrella SH,Goleta,ubereats,74419,Entregado,"39,8",0,"-13,9"
2023-11-01 20:17:36,Umbrella SH,EMEA - SP - MAD - Tetuan,ubereats,99AF6,Entregado,"39,8",0,"-13,9"
2023-11-01 20:16:29,Tepuy Burger,Tepuy Burger - Rodolfo Salazar,glovo,ANS5MFTL,Entregado,"14,3",0,0
2023-11-01 20:16:29,Tepuy Burger,Tepuy Burger - Benidorm,glovo,BCF1HBZF,Entregado,"12,3",0,-2
2023-11-01 20:14:55,Tepuy Burger,Tepuy Burger - Rodolfo Salazar,glovo,AUVDFQDA,Entregado,"29,2",0,0
2023-11-01 20:14:55,Tepuy Burger,Tepuy Burger - Rodolfo Salazar,glovo,A1UFVGVL,Entregado,"17,2",0,0
2023-11-01 20:14:04,Tepuy Burger,Tepuy Burger - Benidorm,glovo,BJH2CVMT,Entregado,27,0,0
2023-11-01 20:11:48,Tepuy Burger,Tepuy Burger - Rodolfo Salazar,ubereats,C50F4,Entregado,"30,8",0,0
2023-11-01 20:11:43,Tepuy Burger,Tepuy Burger - Rodolfo Salazar,glovo,A1A1YJDW,Entregado,"34,5",0,0
2023-11-01 20:07:00,Umbrella SH,Umbrella SH - Calle Linares,gloria-foods,777286623,Entregado,"29,8","2,71",0
2023-11-01 20:05:03,Umbrella SH,Goleta,gloria-foods,777285333,Entregado,"27,2",0,0
2023-11-01 20:03:22,Umbrella SH,Umbrella SH - San Vicent del Raspeig,ubereats,0BA32,Entregado,"28,9",0,0
2023-11-01 20:02:05,,Goleta,ubereats,9C14A,Nuevo,"29,3",0,0
2023-11-01 20:00:57,Umbrella SH,Umbrella SH - San Vicent del Raspeig,ubereats,71E63,Entregado,"33,8",0,0
2023-11-01 19:55:35,Umbrella SH,EMEA - SP - MAD - Salamanca,ubereats,85A40,Entregado,"31,4",0,"-13,9"
2023-11-01 19:47:20,Umbrella SH,EMEA - SP - MAD - Tetuan,glovo,MCYUDGL9,Entregado,"28,3",0,0
2023-11-01 19:46:31,Umbrella SH,EMEA - SP - MAD - Tetuan,glovo,MRURP118,Entregado,"11,2",0,0
2023-11-01 19:39:10,Umbrella SH,EMEA - SP - MAD - Tetuan,ubereats,81EC2,Entregado,37,0,"-13,9"
2023-11-01 19:34:51,Umbrella SH,EMEA - SP - MAD - Tetuan,justeat,138558003,Entregado,"25,1",0,"-5,02"
2023-11-01 19:31:21,Umbrella SH,EMEA - SP - MAD - Tetuan,ubereats,79DF2,Entregado,"44,3",0,"-13,9"
2023-11-01 19:22:57,Umbrella SH,EMEA - SP - MAD - Tetuan,glovo,MW91RKKR,Entregado,"14,9",0,0
2023-11-01 19:18:56,Umbrella SH,EMEA - SP - MAD - Tetuan,ubereats,E8950,Entregado,"31,4",0,"-13,9"
2023-11-01 19:12:50,Umbrella SH,EMEA - SP - MAD - Tetuan,ubereats,35433,Entregado,"47,8",0,"-13,9"
2023-11-01 19:11:59,Umbrella SH,EMEA - SP - MAD - Tetuan,ubereats,891DD,Entregado,"31,8",0,"-13,9"
2023-11-01 19:10:44,Tepuy Basics,EMEA - SP - MAD - Salamanca,ubereats,F64DF,Entregado,"13,9",0,0
2023-11-01 19:08:17,Umbrella SH,EMEA - SP - MAD - Tetuan,glovo,M1L2PLF1,Entregado,"36,8",0,0
2023-11-01 19:05:10,Umbrella SH,EMEA - SP - MAD - Salamanca,ubereats,3BBA8,Entregado,"48,8",0,"-13,9"
2023-11-01 18:59:20,Umbrella SH,EMEA - SP - MAD - Tetuan,glovo,MJU5SSG1,Entregado,"12,7",0,0
2023-11-01 18:57:43,Umbrella SH,EMEA - SP - MAD - Tetuan,glovo,M61ZUKYX,Entregado,"16,4",0,0
2023-11-01 18:56:37,Umbrella SH,EMEA - SP - MAD - Tetuan,ubereats,5EEB2,Entregado,"15,4",0,0
2023-11-01 18:52:50,Umbrella SH,EMEA - SP - MAD - Tetuan,glovo,MBP7LHK1,Entregado,"14,2",0,0
2023-11-01 18:51:06,Umbrella SH,EMEA - SP - MAD - Tetuan,ubereats,6D504,Entregado,"15,4",0,0
2023-11-01 18:30:42,Umbrella SH,EMEA - SP - MAD - Tetuan,ubereats,2828C,Entregado,"31,4",0,"-13,9"
2023-11-01 18:30:22,Umbrella SH,EMEA - SP - MAD - Salamanca,ubereats,57774,Entregado,"31,4",0,"-13,9"
2023-11-01 18:12:24,Umbrella SH,EMEA - SP - MAD - Salamanca,glovo,MSA3XV1M,Entregado,"15,4",0,0
2023-11-01 18:07:12,Umbrella SH,EMEA - SP - MAD - Tetuan,ubereats,2E6A3,Entregado,37,0,"-13,9"
2023-11-01 18:05:22,Umbrella SH,EMEA - SP - MAD - Tetuan,ubereats,31913,Entregado,"14,9",0,0
2023-11-01 18:02:46,Umbrella SH,EMEA - SP - MAD - Tetuan,ubereats,860C6,Entregado,"38,6",0,"-13,9"
2023-11-01 17:55:13,,EMEA - SP - MAD - Salamanca,justeat,138552351,Entregado,"39,8",0,0
2023-11-01 17:54:46,Umbrella SH,EMEA - SP - MAD - Tetuan,ubereats,B263B,Entregado,"31,8",0,"-13,9"
2023-11-01 17:51:48,Umbrella SH,EMEA - SP - MAD - Tetuan,glovo,MQVLH1FT,Entregado,"11,4",0,0
2023-11-01 17:05:56,Umbrella SH,EMEA - SP - MAD - Tetuan,ubereats,A37A9,Entregado,"44,3",0,"-13,9"
2023-11-01 16:37:24,Umbrella SH,EMEA - SP - MAD - Tetuan,ubereats,BECA2,Entregado,37,0,"-13,9"
2023-11-01 16:36:57,Umbrella SH,EMEA - SP - MAD - Tetuan,ubereats,3D3A5,Entregado,"58,7",0,0
2023-11-01 16:32:04,Umbrella SH,EMEA - SP - MAD - Tetuan,glovo,MALJ25RN,Entregado,"12,7",0,0
2023-11-01 16:27:38,Umbrella SH,EMEA - SP - MAD - Salamanca,ubereats,F901F,Entregado,"31,8",0,"-13,9"
2023-11-01 16:16:37,Umbrella SH,EMEA - SP - MAD - Tetuan,glovo,MUMQXNBA,Entregado,"32,4",0,0
2023-11-01 16:12:09,Umbrella SH,EMEA - SP - MAD - Tetuan,ubereats,FFCA3,Entregado,"16,6",0,0
2023-11-01 16:10:59,Umbrella SH,EMEA - SP - MAD - Tetuan,ubereats,42242,Entregado,"40,9",0,0
2023-11-01 16:03:32,Umbrella SH,EMEA - SP - MAD - Tetuan,ubereats,E80BF,Entregado,"12,4",0,0
2023-11-01 15:53:48,Umbrella SH,EMEA - SP - MAD - Tetuan,ubereats,BFE00,Entregado,"55,9",0,"-13,9"
2023-11-01 15:53:40,Umbrella SH,EMEA - SP - MAD - Tetuan,ubereats,16048,Entregado,"49,2",0,"-13,9"
2023-11-01 15:50:41,Umbrella SH,EMEA - SP - MAD - Tetuan,justeat,138549419,Entregado,"11,4",0,0
2023-11-01 15:47:37,Umbrella SH,EMEA - SP - MAD - Salamanca,glovo,MRLQCX1Y,Entregado,"24,1",0,0
2023-11-01 15:45:52,Umbrella SH,Goleta,ubereats,B8CA7,Entregado,"29,2",0,0
2023-11-01 15:43:09,Umbrella SH,EMEA - SP - MAD - Tetuan,ubereats,C3F38,Entregado,"29,3",0,0
2023-11-01 15:40:24,Umbrella SH,Umbrella SH - San Vicent del Raspeig,ubereats,498DD,Entregado,15,0,0
2023-11-01 15:40:22,Umbrella SH,EMEA - SP - MAD - Tetuan,ubereats,53B84,Entregado,"12,9",0,0
2023-11-01 15:36:24,Umbrella SH,Umbrella SH - San Vicent del Raspeig,ubereats,2D9F8,Entregado,"24,3",0,0
2023-11-01 15:35:57,Umbrella SH,EMEA - SP - MAD - Tetuan,glovo,MLF9EKZJ,Entregado,15,0,0
2023-11-01 15:35:44,Umbrella SH,Tepuy Burger - Benidorm,glovo,BLL4XCZ1,Entregado,"32,2",0,0
2023-11-01 15:35:12,Umbrella SH,Goleta,ubereats,B20F3,Entregado,"15,1",0,0
2023-11-01 15:34:56,Umbrella SH,EMEA - SP - MAD - Tetuan,ubereats,6BE17,Cancelado,76,0,"-27,8"
2023-11-01 15:34:50,Umbrella SH,Umbrella SH - Calle Linares,ubereats,56F39,Entregado,"39,8",0,"-13,9"
2023-11-01 15:15:31,Umbrella SH,Umbrella SH - San Vicent del Raspeig,ubereats,280BC,Entregado,"8,3",0,0
2023-11-01 15:14:05,Umbrella SH,Umbrella SH - Calle Linares,gloria-foods,777155667,Entregado,"26,4","2,4",0
2023-11-01 15:13:26,Umbrella SH,EMEA - SP - MAD - Tetuan,ubereats,0B43D,Entregado,"39,8",0,"-13,9"
2023-11-01 15:09:28,Umbrella SH,EMEA - SP - MAD - Salamanca,justeat,138541920,Entregado,"13,2",0,0
2023-11-01 15:09:28,Umbrella SH,EMEA - SP - MAD - Salamanca,justeat,138544322,Entregado,"14,4",0,0
2023-11-01 15:08:39,Umbrella SH,EMEA - SP - MAD - Tetuan,ubereats,0D0F8,Entregado,"14,7",0,0
2023-11-01 15:08:18,Umbrella SH,EMEA - SP - MAD - Tetuan,glovo,MYR5W7AN,Entregado,"29,5",0,0
2023-11-01 15:08:10,Umbrella SH,EMEA - SP - MAD - Tetuan,ubereats,B84D5,Entregado,"31,8",0,"-13,9"
2023-11-01 15:07:50,Umbrella SH,Umbrella SH - Calle Linares,ubereats,6C468,Entregado,"31,8",0,"-13,9"
2023-11-01 15:06:13,Umbrella SH,Umbrella SH - Calle Linares,gloria-foods,777149972,Entregado,"25,6","2,68",0
2023-11-01 15:06:06,Umbrella SH,Umbrella SH - Calle Linares,gloria-foods,777151164,Entregado,"31,4","2,85",0
2023-11-01 15:01:44,Umbrella SH,Umbrella SH - San Vicent del Raspeig,ubereats,FCDAE,Entregado,"17,2",0,0
2023-11-01 15:00:58,Umbrella SH,EMEA - SP - MAD - Salamanca,ubereats,1A1D8,Cancelado,"12,6",0,0
2023-11-01 15:00:56,Tepuy Basics,Goleta,glovo,AVVXTDBH,Entregado,35,0,0
2023-11-01 15:00:15,Tepuy Burger,Tepuy Burger - Rodolfo Salazar,glovo,ATPKSZYJ,Entregado,"13,5",0,0
2023-11-01 15:00:02,Umbrella SH,EMEA - SP - MAD - Salamanca,ubereats,42848,Entregado,"40,8",0,"-13,9"
2023-11-01 14:58:42,Umbrella SH,Goleta,ubereats,21EAC,Entregado,"40,4",0,"-13,9"
2023-11-01 14:56:42,Umbrella SH,EMEA - SP - MAD - Salamanca,ubereats,BA134,Entregado,"36,6",0,"-13,9"
2023-11-01 14:56:39,Umbrella SH,EMEA - SP - MAD - Salamanca,ubereats,83AFB,Entregado,"34,8",0,"-13,9"
2023-11-01 14:52:06,Umbrella SH,EMEA - SP - MAD - Salamanca,ubereats,67912,Entregado,"42,8",0,"-13,9"
2023-11-01 14:48:33,Umbrella SH,Umbrella SH - Calle Linares,ubereats,17349,Entregado,"23,7",0,0
2023-11-01 14:46:33,Umbrella SH,EMEA - SP - MAD - Salamanca,ubereats,5E0B2,Entregado,"54,1",0,"-13,9"
2023-11-01 14:46:29,Umbrella SH,Umbrella SH - Calle Linares,gloria-foods,777143503,Entregado,"43,1","4,21",0
2023-11-01 14:45:50,Umbrella SH,EMEA - SP - MAD - Salamanca,ubereats,39120,Entregado,"39,4",0,"-13,9"
2023-11-01 14:44:47,Umbrella SH,Umbrella SH - Calle Linares,ubereats,B18F8,Entregado,"19,2",0,0
2023-11-01 14:43:58,Umbrella SH,Umbrella SH - Calle Linares,ubereats,474CF,Entregado,"52,7",0,"-13,9"
2023-11-01 14:43:02,Umbrella SH,Umbrella SH - Calle Linares,ubereats,77C6E,Entregado,"36,1",0,0
2023-11-01 14:38:45,Umbrella SH,Umbrella SH - Calle Linares,ubereats,76F96,Entregado,37,0,"-13,9"
2023-11-01 14:37:51,Umbrella SH,Umbrella SH - San Vicent del Raspeig,ubereats,3F419,Entregado,"39,8",0,"-13,9"
2023-11-01 14:37:43,Umbrella SH,Umbrella SH - San Vicent del Raspeig,ubereats,105BE,Entregado,"18,5",0,0
2023-11-01 14:37:07,Umbrella SH,EMEA - SP - MAD - Salamanca,ubereats,7CA92,Entregado,50,0,"-13,9"
2023-11-01 14:35:52,Umbrella SH,EMEA - SP - MAD - Salamanca,ubereats,CA132,Entregado,"15,9",0,0
2023-11-01 14:35:47,Umbrella SH,Umbrella SH - San Vicent del Raspeig,ubereats,9D51B,Entregado,"27,2",0,0
2023-11-01 14:35:34,Umbrella SH,EMEA - SP - MAD - Salamanca,ubereats,9E9A9,Entregado,"31,4",0,"-13,9"
2023-11-01 14:35:24,Umbrella SH,EMEA - SP - MAD - Salamanca,ubereats,7A86E,Entregado,"19,6",0,0
2023-11-01 14:32:45,Umbrella SH,Umbrella SH - San Vicent del Raspeig,ubereats,4583C,Entregado,"47,3",0,"-13,9"
2023-11-01 14:31:25,Umbrella SH,Umbrella SH - San Vicent del Raspeig,gloria-foods,777143870,Entregado,"37,4",0,0
2023-11-01 14:29:54,Umbrella SH,Goleta,gloria-foods,777143634,Entregado,"50,5",0,0
2023-11-01 14:25:59,Tepuy Burger,Tepuy Burger - Rodolfo Salazar,ubereats,E0D4E,Entregado,"107,7",0,0
2023-11-01 14:25:18,Umbrella SH,Umbrella SH - San Vicent del Raspeig,gloria-foods,777142867,Entregado,"11,9",0,0
2023-11-01 14:25:05,Umbrella SH,Goleta,ubereats,ED946,Entregado,"31,8",0,"-13,9"
2023-11-01 14:24:33,Umbrella SH,Umbrella SH - San Vicent del Raspeig,ubereats,378C8,Entregado,37,0,"-13,9"
2023-11-01 14:24:23,Umbrella SH,Goleta,ubereats,3090C,Entregado,"57,5",0,"-13,9"
2023-11-01 14:23:45,Umbrella SH,EMEA - SP - MAD - Tetuan,justeat,138536585,Entregado,"31,7",0,"-6,34"
2023-11-01 14:23:42,Tepuy Burger,Tepuy Burger - Rodolfo Salazar,glovo,A3YFPL7T,Entregado,"14,6",0,0
2023-11-01 14:23:33,Umbrella SH,EMEA - SP - MAD - Tetuan,glovo,MLHTHWMM,Entregado,"20,1",0,0
2023-11-01 14:22:54,Umbrella SH,EMEA - SP - MAD - Tetuan,justeat,138535800,Entregado,"53,2",0,0
2023-11-01 14:22:43,Tepuy Burger,Tepuy Burger - Calle Bazan,glovo,A6LFZCL1,Entregado,"39,1",0,0
2023-11-01 14:22:39,Umbrella SH,Umbrella SH - San Vicent del Raspeig,gloria-foods,777139497,Entregado,"31,3",0,0
2023-11-01 14:22:08,Umbrella SH,Tepuy Burger - Benidorm,glovo,BKNQ7EGU,Entregado,"37,8",0,0
2023-11-01 14:21:11,Umbrella SH,Umbrella SH - San Vicent del Raspeig,ubereats,DE94F,Entregado,"31,8",0,"-13,9"
2023-11-01 14:20:32,Umbrella SH,Tepuy Burger - Benidorm,glovo,BEQJ12ZU,Entregado,"37,5",0,0
2023-11-01 14:20:05,Umbrella SH,Umbrella SH - San Vicent del Raspeig,ubereats,B56EE,Entregado,"62,8",0,"-27,8"
2023-11-01 14:19:53,Umbrella SH,Goleta,gloria-foods,777139545,Entregado,"32,2",0,0
2023-11-01 14:19:02,Umbrella SH,Goleta,gloria-foods,777140197,Entregado,"21,3",0,0
2023-11-01 14:18:30,Tepuy Basics,EMEA - SP - MAD - Salamanca,ubereats,6510C,Entregado,18,0,0
2023-11-01 14:16:31,Umbrella SH,Umbrella SH - San Vicent del Raspeig,ubereats,300B9,Entregado,"48,8",0,"-13,9"
2023-11-01 14:15:32,Tepuy Burger,Tepuy Burger - Benidorm,glovo,BED3YQJ3,Entregado,32,0,"-2,5"
2023-11-01 14:14:21,Tepuy Basics,Umbrella SH - San Vicent del Raspeig,ubereats,B4312,Entregado,15,0,0
2023-11-01 14:13:25,Umbrella SH,EMEA - SP - MAD - Tetuan,ubereats,A3FF6,Entregado,"15,1",0,0
2023-11-01 14:12:28,Umbrella SH,EMEA - SP - MAD - Salamanca,ubereats,D9E87,Entregado,"15,4",0,0
2023-11-01 14:11:42,Umbrella SH,Goleta,ubereats,733A8,Entregado,"41,1",0,"-13,9"
2023-11-01 14:11:13,Umbrella SH,Goleta,ubereats,B8CD8,Entregado,"31,4",0,"-13,9"
2023-11-01 14:11:08,Umbrella SH,EMEA - SP - MAD - Salamanca,ubereats,AFC04,Entregado,"31,4",0,"-18,9"
2023-11-01 14:10:56,Umbrella SH,Tepuy Burger - Benidorm,glovo,BEHRFDSD,Entregado,"23,9",0,0
2023-11-01 14:09:10,Umbrella SH,Umbrella SH - San Vicent del Raspeig,ubereats,CE174,Entregado,"19,7",0,0
2023-11-01 14:08:43,Umbrella SH,Umbrella SH - San Vicent del Raspeig,ubereats,77ACD,Entregado,"38,9",0,"-13,9"
2023-11-01 14:08:03,Umbrella SH,EMEA - SP - MAD - Tetuan,glovo,M873NRRP,Entregado,"11,4",0,0
2023-11-01 14:06:10,Umbrella SH,EMEA - SP - MAD - Tetuan,ubereats,DFDF2,Entregado,"31,8",0,"-13,9"
2023-11-01 14:04:45,Umbrella SH,Umbrella SH - San Vicent del Raspeig,ubereats,29109,Entregado,"43,8",0,"-13,9"
2023-11-01 14:04:30,Tepuy Burger,Tepuy Burger - Benidorm,ubereats,9F89E,Entregado,"15,4",0,0
2023-11-01 14:00:08,Umbrella SH,Umbrella SH - San Vicent del Raspeig,ubereats,53CFB,Entregado,"39,8",0,"-13,9"
2023-11-01 14:00:04,Tepuy Burger,Tepuy Burger - Benidorm,glovo,BGAHFNFG,Entregado,"16,9",0,0
2023-11-01 13:58:16,Umbrella SH,Umbrella SH - San Vicent del Raspeig,ubereats,943CD,Entregado,79,0,0
2023-11-01 13:57:50,Tepuy Basics,Goleta,glovo,A8XGVZ1M,Entregado,"53,7",0,0
2023-11-01 13:57:49,Umbrella SH,Umbrella SH - Calle Linares,ubereats,DBAE7,Entregado,"31,4",0,"-13,9"
2023-11-01 13:53:27,Umbrella SH,Goleta,ubereats,67B40,Entregado,16,0,0
2023-11-01 13:52:52,Umbrella SH,Umbrella SH - Calle Linares,ubereats,10B9E,Entregado,37,0,"-13,9"
2023-11-01 13:52:47,Umbrella SH,EMEA - SP - MAD - Tetuan,ubereats,3376A,Entregado,"38,6",0,"-13,9"
2023-11-01 13:50:39,Umbrella SH,EMEA - SP - MAD - Tetuan,ubereats,5FD1C,Entregado,"38,6",0,"-13,9"
2023-11-01 13:48:54,Tepuy Burger,Tepuy Burger - Rodolfo Salazar,glovo,AZG6NSDP,Entregado,"38,6",0,0
2023-11-01 13:48:04,Umbrella SH,EMEA - SP - MAD - Salamanca,ubereats,EBB6F,Entregado,"39,8",0,"-13,9"
2023-11-01 13:46:15,Umbrella SH,EMEA - SP - MAD - Tetuan,glovo,M1LGFTDU,Entregado,"14,9",0,0
2023-11-01 13:45:45,Umbrella SH,Umbrella SH - Calle Linares,ubereats,8F63B,Entregado,"27,5",0,0
2023-11-01 13:43:18,Umbrella SH,Goleta,ubereats,2E27F,Entregado,"39,8",0,"-13,9"
2023-11-01 13:41:54,Umbrella SH,Umbrella SH - San Vicent del Raspeig,gloria-foods,777131789,Entregado,"18,4",0,0
2023-11-01 13:37:44,Umbrella SH,Tepuy Burger - Benidorm,glovo,BYRBVXQY,Entregado,"31,5",0,0
2023-11-01 13:36:57,Umbrella SH,EMEA - SP - MAD - Tetuan,ubereats,62E9E,Entregado,"35,4",0,"-13,9"
2023-11-01 13:36:28,Umbrella SH,Umbrella SH - Calle Linares,gloria-foods,777130808,Entregado,"54,2","4,95",0
2023-11-01 13:35:55,Umbrella SH,Umbrella SH - Calle Linares,gloria-foods,777129158,Entregado,"46,8","4,27",0
2023-11-01 13:34:31,Tepuy Basics,Goleta,ubereats,99827,Entregado,"40,1",0,0
2023-11-01 13:33:16,Umbrella SH,EMEA - SP - MAD - Tetuan,glovo,MVLJCQMF,Entregado,"15,1",0,"-1,18"
2023-11-01 13:32:55,Umbrella SH,Goleta,gloria-foods,777130021,Entregado,"29,3",0,0
2023-11-01 13:31:12,Umbrella SH,EMEA - SP - MAD - Salamanca,ubereats,9C2EC,Entregado,"39,8",0,"-18,9"
2023-11-01 13:29:22,Umbrella SH,Umbrella SH - San Vicent del Raspeig,ubereats,0D6E7,Entregado,"26,7",0,0
2023-11-01 13:25:00,Umbrella SH,Umbrella SH - Calle Linares,ubereats,B4ACB,Entregado,"35,8",0,"-13,9"
2023-11-01 13:23:43,Umbrella SH,Goleta,ubereats,F7D90,Entregado,"24,6",0,0
2023-11-01 13:21:48,Tepuy Basics,Umbrella SH - San Vicent del Raspeig,glovo,AJUUDP6M,Entregado,"19,8",0,0
2023-11-01 13:21:27,Umbrella SH,EMEA - SP - MAD - Tetuan,ubereats,FEC51,Entregado,"26,5",0,0
2023-11-01 13:17:02,Umbrella SH,Goleta,ubereats,A7313,Entregado,"29,8",0,0
2023-11-01 13:16:20,Tepuy Basics,Umbrella SH - San Vicent del Raspeig,glovo,A5Y6DMMF,Entregado,"17,1",0,0
2023-11-01 13:15:34,Umbrella SH,Umbrella SH - San Vicent del Raspeig,ubereats,B3660,Entregado,"22,8",0,0
2023-11-01 13:10:23,Umbrella SH,Goleta,ubereats,CCC9C,Entregado,"17,2",0,0
2023-11-01 13:09:12,Umbrella SH,Umbrella SH - Calle Linares,ubereats,A736D,Entregado,"42,8",0,"-13,9"
2023-11-01 13:06:39,Umbrella SH,EMEA - SP - MAD - Tetuan,ubereats,6E189,Entregado,"33,3",0,"-13,9"
